batch,q0_wrist,q1_wrist,q2_wrist,q3_wrist,ax_wrist,ay_wrist,az_wrist,gx_wrist,gy_wrist,gz_wrist,q0_arm,q1_arm,q2_arm,q3_arm,ax_arm,ay_arm,az_arm,gx_arm,gy_arm,gz_arm,category
535,99,4,7,7,-8,10,69,0,-2,0,77,-22,58,6,-59,-17,11,-1,-1,-1,8
535,99,4,7,7,-7,11,67,0,-2,0,77,-22,58,6,-58,-16,11,0,-1,-1,8
535,99,4,7,7,-7,12,68,0,-1,0,77,-22,58,6,-56,-15,10,0,-1,-1,8
535,99,4,6,7,-8,12,67,0,-1,0,77,-22,58,6,-55,-15,11,0,-1,-1,8
535,99,4,6,7,-10,11,66,0,-1,-1,77,-22,58,6,-55,-15,11,0,-1,-1,8
535,99,5,6,7,-10,10,67,-1,-1,-1,77,-22,58,6,-56,-15,11,0,0,-1,8
535,99,5,6,7,-9,8,68,-1,-2,-1,77,-22,58,6,-57,-15,12,0,0,-1,8
535,99,5,6,7,-7,9,68,0,-2,-1,77,-22,58,6,-58,-16,12,0,0,-1,8
535,99,5,6,7,-5,9,69,0,-1,-1,77,-22,58,6,-58,-16,12,0,0,-1,8
535,99,5,6,7,-5,11,68,0,-1,-1,77,-22,58,6,-58,-16,12,0,0,-1,8
535,99,5,6,7,-5,12,67,0,0,-1,77,-22,58,6,-58,-15,12,0,0,-1,8
535,99,5,6,7,-9,13,66,0,0,-1,77,-22,58,6,-57,-15,11,0,0,-1,8
535,99,5,6,7,-9,14,65,-1,0,-1,77,-22,58,6,-57,-15,11,0,0,-1,8
535,99,5,6,7,-8,11,67,-1,0,-1,77,-22,58,6,-58,-16,12,-1,0,-1,8
535,99,5,6,6,-5,10,68,-1,0,-1,77,-22,58,6,-58,-17,12,-1,0,-1,8
535,99,5,6,6,-5,11,68,-1,1,-1,77,-22,58,6,-57,-17,12,-1,0,-1,8
535,99,5,6,6,-8,11,68,0,2,-1,77,-22,58,6,-56,-16,12,-1,0,-1,8
535,99,5,7,6,-11,14,65,0,2,-1,77,-22,58,6,-54,-15,11,-1,0,-1,8
535,99,5,7,6,-15,16,65,0,2,-1,77,-22,58,6,-54,-15,10,-1,0,-1,8
535,99,5,7,6,-16,16,66,-1,1,-1,77,-22,58,6,-56,-15,10,-1,0,-1,8
535,99,5,7,6,-14,14,68,-1,0,-1,77,-22,58,6,-58,-16,10,-1,0,-1,8
535,99,5,7,6,-11,12,71,-2,0,0,77,-22,58,6,-59,-17,10,-1,0,-1,8
535,99,5,7,6,-9,10,70,-1,0,0,77,-22,58,6,-61,-16,9,-1,0,-1,8
535,99,5,7,6,-9,10,69,-1,0,-1,77,-22,58,6,-60,-17,10,-1,0,0,8
535,99,5,7,6,-9,13,69,0,0,-1,77,-22,58,6,-58,-16,10,-1,0,0,8
535,99,5,8,6,-9,14,68,0,0,-1,77,-22,58,6,-56,-15,10,-1,0,0,8
535,99,5,8,6,-10,14,68,0,0,-1,77,-22,58,6,-57,-16,10,-1,0,0,8
535,99,5,8,6,-12,14,68,-1,0,-1,77,-22,58,6,-57,-16,10,-1,0,0,8
535,99,5,8,6,-11,14,69,-1,0,-1,77,-22,58,6,-58,-16,10,-1,0,0,8
535,99,5,8,6,-12,11,68,-1,0,-1,77,-22,59,6,-60,-16,10,-1,0,0,8
535,99,5,8,6,-11,11,68,-1,0,-1,77,-22,59,6,-60,-16,10,-1,0,0,8
535,99,5,8,6,-10,11,69,-1,0,0,77,-23,59,6,-60,-16,10,-1,0,-1,8
535,99,5,8,6,-9,11,70,-1,0,0,76,-23,59,6,-60,-16,10,-1,0,0,8
535,99,5,8,6,-9,11,70,-1,0,-1,76,-23,59,6,-59,-16,10,-1,0,0,8
535,99,5,8,6,-10,11,69,-1,0,-1,76,-23,59,6,-59,-16,10,-1,0,0,8
535,99,4,8,6,-11,10,68,-1,0,-1,76,-23,59,6,-58,-16,10,-1,0,0,8
535,99,4,8,6,-11,11,68,-1,0,-1,76,-23,59,6,-57,-16,10,-1,0,0,8
535,99,4,8,6,-11,11,68,-1,0,-1,76,-23,59,6,-57,-16,10,-1,0,0,8
535,99,4,8,6,-11,10,68,-1,0,-1,76,-23,59,6,-58,-16,10,-1,0,0,8
535,99,4,8,6,-11,10,67,-1,0,-1,76,-23,59,6,-59,-16,10,-1,0,0,8
535,99,4,8,6,-11,11,68,-1,0,-1,76,-23,59,6,-59,-16,10,-1,0,0,8
535,99,4,8,6,-10,10,68,-1,0,-1,76,-23,59,6,-59,-16,10,-1,0,0,8
535,99,4,8,6,-11,11,69,-1,0,-1,76,-23,59,6,-58,-16,10,-1,0,0,8
535,99,4,8,6,-11,11,68,-1,0,-1,76,-23,59,6,-57,-16,10,-1,0,0,8
535,99,4,8,6,-11,11,68,-1,0,-1,76,-23,59,6,-57,-15,10,-1,0,0,8
535,99,4,8,6,-12,11,67,-1,0,-1,76,-23,59,6,-57,-16,10,-1,0,0,8
535,99,4,8,6,-12,11,67,-1,0,-1,76,-23,59,6,-57,-16,10,-1,0,0,8
535,99,4,8,6,-12,11,67,-1,0,-1,76,-23,59,6,-58,-16,10,-1,0,0,8
535,99,4,8,6,-12,11,68,-1,0,-1,76,-23,59,6,-58,-16,10,-1,0,0,8
535,99,4,8,6,-11,11,67,-1,0,-1,76,-23,59,6,-58,-16,9,-1,0,0,8
535,99,4,8,6,-11,11,68,-1,0,-1,76,-23,59,6,-58,-16,10,-1,0,0,8
535,99,4,8,6,-11,11,67,-1,0,-1,76,-23,59,6,-57,-16,10,-1,0,0,8
535,99,4,8,6,-11,11,68,-1,0,-1,76,-23,59,7,-57,-16,10,-1,0,0,8
535,99,4,8,6,-11,12,67,-1,0,-1,76,-23,59,7,-58,-16,9,-1,0,0,8
535,99,4,8,6,-11,12,67,-1,0,-1,76,-23,59,7,-58,-16,9,-1,0,0,8
535,99,4,8,6,-12,12,67,-1,0,-1,76,-23,59,7,-58,-16,9,-1,0,0,8
535,99,4,8,6,-11,11,67,-1,0,0,76,-23,59,7,-58,-16,9,-1,0,0,8
535,99,4,8,6,-12,11,67,-1,0,0,76,-23,59,7,-58,-16,9,-1,0,0,8
535,99,4,8,6,-12,11,67,-1,0,0,76,-23,59,7,-58,-15,10,-1,-1,0,8
535,99,4,8,6,-12,11,67,-1,0,0,76,-23,59,7,-57,-16,9,-1,-1,0,8
535,99,4,8,6,-12,11,67,-1,0,0,76,-23,59,7,-57,-16,10,-1,0,0,8
535,99,4,8,6,-11,10,67,-1,0,0,76,-23,59,7,-57,-16,10,-1,0,0,8
535,99,4,8,6,-11,11,67,-1,0,0,76,-23,59,7,-57,-15,10,-1,0,0,8
535,99,4,8,6,-11,11,67,-1,0,-1,76,-23,59,7,-57,-15,10,-1,0,0,8
535,99,4,8,6,-11,11,67,-1,0,-1,76,-23,59,7,-57,-15,10,-1,0,0,8
535,99,4,8,6,-11,11,67,-1,0,-1,76,-23,59,7,-57,-15,9,-1,0,0,8
535,99,4,9,6,-12,11,66,-1,0,-1,76,-23,59,7,-57,-16,10,-1,0,0,8
535,99,4,9,6,-12,11,66,-1,0,-1,76,-23,59,7,-58,-16,10,-1,0,0,8
535,99,4,9,6,-12,11,67,-1,0,-1,76,-23,59,7,-58,-15,9,-1,0,-1,8
535,99,4,9,6,-12,10,67,-1,0,0,76,-23,59,7,-58,-16,10,-1,0,-1,8
535,99,4,9,6,-11,10,67,-1,0,-1,76,-23,59,7,-58,-16,10,-1,0,-1,8
535,99,4,9,6,-12,10,68,-1,0,-1,76,-23,59,7,-57,-16,10,-1,0,-1,8
535,99,4,9,6,-12,10,67,-1,0,-1,76,-23,59,7,-57,-16,10,-1,0,-1,8
535,99,4,9,6,-11,11,67,-1,0,-1,76,-23,59,7,-57,-16,10,-1,0,-1,8
535,99,4,9,6,-12,11,67,-1,0,-1,76,-23,59,7,-57,-16,10,-1,0,-1,8
535,99,4,9,6,-12,12,67,-1,0,-1,76,-23,59,7,-58,-16,10,-1,0,-1,8
535,99,4,9,6,-12,12,67,-1,0,-1,76,-23,59,7,-58,-15,10,-1,0,-1,8
535,99,4,9,6,-12,11,67,-1,0,-1,76,-23,59,7,-58,-16,10,-1,0,-1,8
535,99,4,9,6,-12,11,67,-1,0,-1,76,-23,59,7,-58,-16,10,-1,0,-1,8
535,99,4,9,6,-12,11,68,-1,0,0,76,-23,59,7,-58,-16,10,-1,0,-1,8
535,99,4,9,6,-12,11,68,-1,0,0,76,-23,59,7,-58,-16,10,-1,0,-1,8
535,99,4,9,6,-12,11,68,-1,0,-1,76,-23,59,7,-58,-16,10,-1,0,-1,8
535,99,4,9,6,-12,10,68,-1,0,-1,76,-23,59,7,-58,-16,10,-1,0,-1,8
535,99,4,9,6,-12,10,68,-1,0,-1,76,-24,59,7,-58,-16,10,-1,0,-1,8
535,99,4,9,6,-12,11,67,-1,0,-1,76,-24,59,7,-58,-16,10,-1,0,-1,8
535,99,4,9,6,-12,11,67,-1,0,-1,75,-24,59,7,-58,-16,10,-1,0,-1,8
535,99,4,9,6,-12,12,68,-1,0,-1,75,-24,59,7,-58,-16,10,-1,0,-1,8
535,99,4,9,6,-12,11,68,-1,0,-1,75,-24,59,7,-58,-16,10,-1,0,-1,8
535,99,4,9,6,-12,11,68,-1,0,-1,75,-24,59,7,-58,-16,10,-1,0,-1,8
535,99,4,9,6,-12,10,68,-1,0,-1,75,-24,59,7,-58,-16,10,-1,0,-1,8
535,99,4,9,6,-12,10,68,-1,0,-1,75,-24,59,7,-58,-16,10,-1,0,-1,8
535,99,4,9,6,-12,11,68,-1,0,-1,75,-24,59,7,-58,-16,10,-1,0,-1,8
535,99,4,9,6,-12,12,68,-1,0,-1,75,-24,59,7,-58,-16,10,-1,0,0,8
535,99,4,9,6,-12,12,68,-1,0,-1,75,-24,59,7,-58,-16,10,-1,0,0,8
535,99,4,9,6,-12,12,68,-1,0,-1,75,-24,59,7,-58,-16,10,-1,0,0,8
535,99,4,9,6,-12,12,68,-1,0,-1,75,-24,59,7,-59,-16,10,-1,0,0,8
535,99,4,9,6,-12,11,67,-1,0,0,75,-24,59,8,-58,-16,9,-1,0,0,8
535,99,4,9,6,-12,10,67,-1,0,0,75,-24,59,8,-58,-16,9,-1,0,0,8
535,99,4,9,6,-12,10,67,-1,0,0,75,-24,59,8,-57,-16,9,-1,-1,0,8
535,99,4,9,6,-12,11,67,-1,0,-1,75,-24,59,8,-57,-16,10,-1,0,0,8
535,99,4,9,6,-11,11,67,-1,0,0,75,-24,59,8,-57,-15,10,-1,0,0,8
535,99,4,9,6,-11,11,67,-1,0,0,75,-24,59,8,-58,-15,10,-1,0,0,8
535,99,4,9,6,-12,12,67,-1,0,0,75,-24,60,8,-58,-15,10,-1,0,0,8
535,99,4,9,6,-12,12,67,-1,0,0,75,-24,60,8,-58,-15,10,-1,0,0,8
535,99,4,9,6,-12,11,67,-1,0,0,75,-24,60,8,-58,-16,9,-1,0,0,8
535,99,4,9,6,-12,11,67,-1,0,0,75,-24,60,8,-58,-16,10,-1,0,0,8
535,99,4,9,6,-12,10,67,-1,0,0,75,-24,60,8,-58,-16,10,-1,-1,0,8
535,99,4,9,6,-12,11,67,-1,0,0,75,-24,60,8,-57,-16,9,-1,-1,0,8
535,99,4,9,6,-12,11,67,-1,0,0,75,-24,60,8,-57,-16,9,-1,-1,0,8
535,99,4,9,6,-12,11,67,-1,0,0,75,-24,60,8,-57,-16,10,-1,0,0,8
535,99,4,9,6,-12,11,66,-1,0,0,75,-24,60,8,-57,-16,10,-1,0,-1,8
535,99,4,9,6,-12,11,66,-1,0,0,75,-24,60,8,-57,-16,10,-1,0,-1,8
535,99,4,9,7,-12,11,67,-1,0,0,75,-24,60,8,-57,-15,10,-1,0,-1,8
535,99,4,9,7,-12,11,67,-1,0,0,75,-24,60,8,-58,-15,10,-1,0,-1,8
535,99,4,9,7,-12,11,67,-1,0,0,75,-24,60,8,-59,-16,10,-1,-1,-1,8
535,99,4,9,7,-12,10,68,-1,0,0,75,-24,60,8,-59,-16,10,-1,-1,-1,8
535,99,4,9,7,-12,10,67,-1,0,0,75,-24,59,8,-58,-16,9,-1,-1,-1,8
535,99,4,9,7,-12,10,67,-1,0,0,75,-24,59,8,-57,-16,10,-1,-1,-1,8
535,99,4,9,7,-12,10,68,-1,0,-1,75,-24,59,8,-56,-16,10,-1,-1,-1,8
535,99,4,9,7,-12,10,67,-1,0,-1,75,-24,59,8,-56,-16,10,-1,-1,-1,8
535,99,4,9,7,-12,10,68,-1,0,-1,75,-24,59,8,-56,-16,10,-1,0,-1,8
535,99,4,9,7,-12,11,68,-1,0,-1,75,-24,59,8,-57,-16,10,-1,0,-1,8
535,99,4,9,7,-12,11,68,-1,0,-1,75,-24,59,8,-58,-16,10,-1,0,-1,8
535,99,4,9,7,-13,11,68,-1,0,-1,75,-24,59,8,-58,-16,10,-1,0,-1,8
535,99,4,9,7,-13,11,67,-1,0,-1,75,-24,59,8,-58,-16,10,-1,0,-1,8
535,99,4,9,7,-13,11,68,-1,0,-1,75,-24,59,8,-58,-16,10,-1,0,-1,8
535,99,4,9,7,-13,11,68,-1,0,-1,75,-24,59,8,-58,-16,10,-1,0,-1,8
535,99,4,9,7,-13,11,68,-1,0,-1,75,-24,59,8,-57,-16,10,-1,0,0,8
535,99,4,9,7,-13,12,68,-1,0,0,75,-24,59,8,-57,-15,10,-1,0,0,8
535,99,4,9,7,-12,11,68,-1,0,0,75,-24,59,8,-57,-15,11,-1,0,0,8
535,99,4,9,7,-12,11,68,-1,0,0,75,-24,59,8,-57,-16,10,-1,0,0,8
535,99,4,9,7,-12,11,67,-1,0,0,75,-24,59,8,-58,-16,10,-1,0,0,8
535,99,4,9,7,-12,11,68,-1,0,0,75,-24,59,8,-58,-16,10,-1,0,0,8
535,99,4,9,7,-13,11,67,-1,0,0,75,-24,59,8,-59,-16,9,-1,0,0,8
535,99,4,9,7,-12,12,67,-1,0,0,75,-24,59,8,-59,-16,10,-1,-1,0,8
535,99,4,9,7,-12,12,68,-1,0,0,75,-24,59,8,-59,-16,10,-1,-1,0,8
535,99,4,9,7,-12,11,68,-1,0,0,75,-25,59,8,-59,-16,10,-1,-1,0,8
535,99,4,9,7,-12,10,68,-1,0,0,75,-25,59,9,-58,-16,9,-1,-1,0,8
535,99,4,9,7,-12,10,68,-1,0,0,75,-25,59,9,-58,-16,10,-1,-1,0,8
535,99,4,9,7,-12,10,68,-1,0,0,75,-25,59,9,-58,-16,10,-1,-1,0,8
535,99,4,9,7,-12,10,68,-1,0,0,75,-25,59,9,-58,-15,10,-1,-1,0,8
535,99,4,9,7,-12,10,68,-1,0,0,75,-25,59,9,-58,-16,10,-1,-1,0,8
535,99,4,9,7,-12,10,68,-1,0,0,75,-25,59,9,-58,-16,10,-1,0,0,8
535,99,4,9,7,-11,10,68,-1,0,0,75,-25,59,9,-58,-15,10,-1,0,0,8
535,99,4,9,7,-12,11,67,-1,0,0,75,-25,59,9,-58,-15,10,-1,0,0,8
535,99,4,9,7,-12,11,67,-1,0,0,75,-25,59,9,-58,-15,10,-1,0,0,8
535,99,4,9,7,-12,11,67,-1,0,-1,75,-25,59,9,-58,-16,10,-1,0,0,8
535,99,4,9,7,-13,11,67,-1,0,-1,75,-25,59,9,-57,-16,10,-1,0,0,8
535,99,4,9,7,-13,10,67,-1,0,-1,75,-25,59,9,-57,-16,11,-1,0,0,8
535,99,4,9,7,-13,10,67,-1,0,-1,75,-25,59,9,-57,-16,10,-1,-1,0,8
536,99,4,8,8,-11,6,71,0,-3,0,75,-26,59,11,-58,-15,13,0,-1,-1,8
536,99,4,8,8,-8,11,69,1,-3,0,75,-26,59,11,-59,-16,12,-1,-1,0,8
536,99,5,7,9,-7,15,69,1,-2,0,75,-26,59,11,-60,-17,11,-1,-1,0,8
536,99,5,7,9,-8,15,67,1,-2,0,75,-26,59,11,-60,-16,11,-1,0,0,8
536,99,5,7,9,-10,16,66,0,-1,0,75,-26,59,11,-59,-16,10,-1,-1,-1,8
536,99,5,7,9,-10,14,68,0,-1,0,75,-26,59,11,-58,-16,10,-1,-1,-1,8
536,99,5,7,9,-9,13,67,-1,-1,0,75,-26,59,11,-59,-16,11,-1,-1,-1,8
536,99,5,7,9,-9,11,67,-1,-1,0,75,-26,59,11,-58,-16,11,0,-1,-1,8
536,99,5,7,9,-8,9,69,-1,-1,0,75,-26,59,11,-57,-16,11,0,-1,-1,8
536,99,5,6,9,-6,9,68,0,-1,-1,75,-26,59,11,-57,-16,12,0,-1,-1,8
536,99,5,6,9,-6,10,67,0,-1,-1,75,-26,59,11,-57,-16,12,0,-1,-1,8
536,99,5,6,9,-6,11,66,0,0,-1,75,-26,59,11,-57,-16,12,0,-1,-1,8
536,99,6,6,9,-6,12,67,0,0,-1,75,-26,59,11,-56,-15,12,0,0,-1,8
536,99,6,6,8,-8,15,66,0,0,-1,75,-26,58,11,-56,-15,11,0,0,-1,8
536,99,6,7,8,-11,16,65,-1,0,-1,75,-26,59,11,-56,-15,11,0,0,-1,8
536,99,6,7,8,-10,14,67,-1,0,-1,75,-26,59,11,-57,-15,11,0,0,-1,8
536,99,6,7,8,-9,13,67,-1,0,-1,75,-26,59,11,-58,-15,11,-1,0,-1,8
536,99,6,7,8,-9,12,67,-1,0,-1,75,-26,59,11,-58,-16,11,-1,0,-1,8
536,99,6,7,8,-8,12,68,-1,0,-1,75,-26,59,11,-57,-16,11,-1,-1,-1,8
536,99,5,7,8,-8,13,67,-1,0,-1,75,-26,59,11,-56,-16,11,-1,-1,-1,8
536,99,5,7,8,-8,14,68,-1,1,-1,75,-26,58,11,-55,-15,11,-1,0,-1,8
536,99,5,7,8,-9,14,67,-1,1,-1,75,-26,58,11,-55,-16,11,-1,0,0,8
536,99,5,7,8,-10,15,66,-1,1,-1,75,-26,58,11,-55,-15,11,-1,0,0,8
536,99,5,7,8,-12,15,66,-1,1,-1,75,-26,59,11,-56,-15,10,-1,0,0,8
536,99,5,8,8,-12,14,67,-1,0,-1,75,-26,59,11,-58,-15,10,-1,0,-1,8
536,99,5,8,8,-11,13,68,-2,0,-1,75,-26,59,11,-59,-16,10,-1,0,-1,8
536,99,5,8,8,-10,13,68,-2,0,-1,75,-27,59,11,-60,-16,10,-1,0,0,8
536,99,5,8,8,-10,12,68,-1,0,-1,75,-27,59,11,-60,-16,10,-1,0,0,8
536,99,5,8,8,-10,11,68,-1,0,-1,74,-27,59,11,-59,-16,11,-1,0,0,8
536,99,5,8,8,-10,12,68,-1,1,-1,74,-27,59,11,-57,-15,10,-1,-1,0,8
536,99,5,8,8,-11,12,67,-1,1,-1,74,-27,59,11,-56,-15,11,-1,0,0,8
536,99,5,8,8,-13,11,66,-1,0,-1,74,-27,59,11,-56,-15,11,-1,0,0,8
536,99,5,8,8,-12,11,67,-1,0,-1,74,-27,59,11,-56,-16,10,-1,0,-1,8
536,99,5,8,8,-12,11,68,-1,0,0,74,-27,59,11,-57,-16,11,-1,0,-1,8
536,99,5,8,8,-11,10,69,-1,0,0,74,-27,59,11,-58,-16,11,-1,0,-1,8
536,99,5,8,8,-10,9,69,-1,-1,0,74,-27,59,11,-59,-16,11,-1,0,0,8
536,99,4,8,8,-10,9,69,-1,0,0,74,-27,59,12,-59,-16,11,-1,0,0,8
536,99,4,8,8,-10,11,68,0,0,-1,74,-27,59,12,-59,-16,11,-1,0,0,8
536,99,5,8,8,-11,12,68,0,0,-1,74,-27,59,12,-58,-15,11,-1,0,0,8
536,99,5,8,8,-11,12,68,-1,0,-1,74,-27,59,12,-58,-15,11,-1,0,0,8
536,99,5,9,8,-11,11,68,-1,0,-1,74,-27,59,12,-58,-16,10,-1,0,0,8
536,99,5,9,8,-11,12,67,-1,0,-1,74,-27,59,12,-59,-16,10,-1,0,0,8
536,99,5,9,8,-11,11,67,-1,0,-1,74,-27,59,12,-59,-16,10,-1,0,-1,8
536,99,4,9,8,-11,10,68,-1,0,-1,74,-27,59,12,-59,-16,10,-1,0,-1,8
536,99,4,9,8,-12,10,68,-1,0,-1,74,-27,59,12,-58,-16,11,-1,0,-1,8
536,99,4,9,8,-12,11,68,-1,0,-1,74,-27,59,12,-57,-16,11,-1,0,-1,8
536,99,4,9,8,-12,11,68,-1,0,-1,74,-27,59,12,-57,-16,11,-1,0,-1,8
536,99,4,9,8,-12,11,67,-1,0,-1,74,-27,59,12,-57,-16,11,-1,0,0,8
536,99,4,9,8,-12,10,68,-1,0,-1,74,-27,59,12,-57,-16,10,-1,0,-1,8
536,99,4,9,8,-12,11,67,-1,0,-1,74,-27,59,12,-57,-16,11,-1,0,-1,8
536,99,4,9,8,-11,11,68,-1,0,-1,74,-27,59,12,-57,-16,11,-1,0,-1,8
536,99,4,9,8,-12,11,68,-1,0,-1,74,-27,59,12,-57,-16,11,-1,0,0,8
536,99,4,9,8,-13,12,67,-1,0,-1,74,-27,59,12,-58,-16,11,-1,0,0,8
536,99,4,9,8,-13,12,67,-1,0,-1,74,-27,59,12,-58,-16,11,-1,0,0,8
536,99,4,9,8,-12,10,67,-1,0,-1,74,-27,59,12,-58,-16,11,-1,0,0,8
536,99,4,9,8,-12,10,67,-1,0,-1,74,-27,59,12,-57,-16,11,-1,-1,0,8
536,99,4,9,8,-12,11,67,-1,0,-1,74,-27,59,12,-57,-16,11,-1,-1,0,8
536,99,4,9,8,-12,11,67,-1,0,-1,74,-27,59,12,-57,-16,11,-1,0,0,8
536,99,4,9,8,-12,11,67,-1,0,-1,74,-27,59,12,-57,-16,11,-1,0,0,8
536,99,4,9,8,-12,11,67,-1,0,-1,74,-27,59,12,-58,-16,10,-1,0,0,8
536,99,4,9,8,-12,11,67,-1,0,0,74,-27,59,12,-59,-16,10,-1,0,-1,8
536,99,4,9,8,-12,10,68,-1,0,0,74,-27,59,12,-58,-16,10,-1,0,-1,8
536,99,4,9,8,-12,10,68,-1,0,-1,74,-27,59,12,-58,-16,11,-1,0,-1,8
536,99,4,9,8,-12,10,68,-1,0,-1,74,-27,59,12,-58,-16,11,-1,0,-1,8
536,99,4,9,8,-12,11,68,-1,0,-1,74,-27,59,12,-58,-15,11,-1,0,0,8
536,99,4,9,8,-12,11,68,-1,0,-1,74,-27,59,12,-58,-15,10,-1,0,0,8
536,99,4,9,8,-12,11,67,-1,0,-1,74,-27,59,12,-58,-15,10,-1,0,0,8
536,99,4,9,8,-12,10,67,-1,0,-1,74,-27,59,12,-58,-16,10,-1,0,-1,8
536,99,4,9,8,-12,10,68,-1,0,-1,74,-27,59,12,-58,-16,10,-1,0,-1,8
536,99,4,9,8,-12,11,68,-1,0,-1,74,-27,59,12,-57,-16,11,-1,0,-1,8
536,99,4,9,8,-12,11,68,-1,0,-1,74,-27,59,12,-57,-15,10,-1,0,-1,8
536,99,4,9,8,-12,11,68,-1,0,-1,74,-27,59,12,-57,-16,10,-1,0,0,8
536,99,4,9,8,-12,11,67,-1,0,-1,74,-27,59,12,-57,-16,10,-1,0,0,8
536,99,4,9,8,-12,11,67,-1,0,-1,74,-27,59,12,-58,-16,10,-1,0,0,8
536,99,4,9,8,-13,12,67,-1,0,-1,74,-28,59,12,-58,-16,10,-1,0,0,8
536,99,4,9,8,-13,12,66,-1,0,-1,74,-28,59,12,-58,-16,9,-1,0,0,8
536,99,4,9,8,-13,12,67,-1,0,-1,74,-28,59,12,-58,-16,10,-1,-1,-1,8
536,99,4,9,8,-12,11,67,-1,0,0,74,-28,59,12,-57,-15,10,-1,-1,-1,8
536,99,4,9,8,-12,11,67,-1,0,0,74,-28,59,12,-58,-16,11,-1,-1,-1,8
536,99,4,9,8,-12,10,67,-1,0,0,74,-28,59,12,-57,-16,10,-1,-1,0,8
536,99,4,9,8,-12,11,68,-1,0,0,74,-28,59,12,-57,-16,10,-1,0,0,8
536,99,4,9,8,-12,11,67,-1,0,0,74,-28,59,12,-57,-16,10,-1,0,0,8
536,99,4,9,8,-12,11,67,-1,0,0,74,-28,59,12,-57,-16,10,-1,0,0,8
536,99,4,9,8,-12,11,67,-1,0,0,74,-28,59,12,-58,-16,10,-1,0,0,8
536,99,4,9,8,-12,11,67,-1,0,0,74,-28,59,13,-58,-16,10,-1,0,0,8
536,99,4,9,8,-13,11,67,-1,0,0,74,-28,59,13,-58,-16,11,-1,0,0,8
536,99,4,9,8,-13,11,67,-1,0,0,74,-28,59,13,-57,-16,11,-1,0,0,8
536,99,4,9,8,-12,11,67,-1,0,0,74,-28,59,13,-57,-16,11,-1,0,0,8
536,99,4,9,8,-12,11,67,-1,0,0,74,-28,59,13,-57,-15,11,-1,0,0,8
536,99,4,9,8,-12,10,67,-1,0,0,74,-28,59,13,-57,-16,11,-1,0,0,8
536,99,4,9,8,-12,11,67,-1,0,0,74,-28,59,13,-58,-16,10,-1,0,0,8
536,99,4,9,8,-12,11,67,-1,0,0,74,-28,59,13,-58,-16,10,-1,0,0,8
536,99,4,9,8,-12,10,67,-1,0,0,74,-28,59,13,-58,-15,10,-1,0,0,8
536,99,4,9,8,-12,10,67,-1,0,0,74,-28,59,13,-58,-16,10,-1,0,-1,8
536,99,4,9,8,-12,10,68,-1,0,0,74,-28,59,13,-57,-15,11,-1,0,-1,8
536,98,4,9,8,-12,10,68,-1,0,0,74,-28,59,13,-57,-15,11,-1,0,-1,8
536,98,4,9,8,-12,9,68,-1,0,0,74,-28,59,13,-57,-16,11,-1,0,0,8
536,98,4,9,8,-12,10,67,-1,0,0,74,-28,58,13,-58,-16,11,-1,0,0,8
536,98,4,9,8,-12,10,67,-1,0,-1,74,-28,58,13,-58,-16,11,-1,0,-1,8
536,98,4,9,8,-12,11,68,-1,0,-1,74,-28,58,13,-58,-16,11,-1,0,-1,8
536,98,4,9,8,-13,11,67,-1,0,-1,74,-28,58,13,-58,-15,11,-1,0,-1,8
536,98,4,9,8,-12,11,67,-1,0,-1,74,-28,58,13,-58,-16,10,-1,0,-1,8
536,98,4,9,9,-13,10,67,-1,0,0,74,-28,58,13,-57,-16,10,-1,0,-1,8
536,98,4,9,9,-13,10,67,-1,0,0,74,-28,58,13,-57,-16,11,-1,0,-1,8
536,98,4,10,9,-12,10,68,-1,0,0,74,-28,58,13,-57,-16,11,-1,0,-1,8
536,98,4,10,9,-12,10,68,-1,0,0,74,-28,58,13,-57,-16,11,-1,0,-1,8
536,98,4,10,9,-13,11,67,-1,0,0,74,-28,58,13,-57,-15,11,-1,0,-1,8
536,98,4,10,9,-13,10,67,-1,0,0,74,-28,58,13,-57,-16,11,-1,0,0,8
536,98,4,10,9,-13,11,68,-1,0,0,74,-28,58,13,-58,-16,10,-1,0,0,8
536,98,4,10,9,-13,11,67,-1,0,0,74,-28,58,13,-58,-16,10,-1,0,0,8
536,98,4,10,9,-13,10,67,-1,0,0,74,-28,58,13,-58,-16,11,-1,0,0,8
536,98,4,10,9,-13,10,67,-1,0,0,74,-28,58,13,-58,-16,11,-1,0,0,8
536,98,4,10,9,-13,10,67,-1,0,0,74,-28,58,13,-58,-16,11,-1,0,0,8
536,98,4,10,9,-13,10,67,-1,0,0,74,-28,58,13,-58,-16,10,-1,0,-1,8
536,98,4,10,9,-13,10,67,-1,0,0,74,-28,58,13,-57,-16,11,-1,-1,-1,8
536,98,4,10,9,-14,11,67,-1,0,-1,74,-28,58,13,-57,-16,11,-1,0,-1,8
536,98,4,10,9,-13,10,67,-1,0,0,74,-28,58,13,-57,-16,11,-1,0,-1,8
536,98,4,10,9,-13,10,67,-1,0,0,74,-28,58,13,-57,-16,11,-1,0,-1,8
536,98,4,10,9,-13,10,67,-1,0,0,74,-28,58,13,-58,-16,11,-1,0,-1,8
536,98,4,10,9,-13,10,67,-1,0,0,74,-28,58,13,-58,-16,11,-1,0,-1,8
536,98,4,10,9,-13,10,67,-1,0,-1,74,-28,58,13,-58,-16,11,-1,0,-1,8
536,98,4,10,9,-13,10,67,-1,0,-1,74,-28,58,13,-58,-16,11,-1,0,-1,8
536,98,4,10,9,-13,11,68,-1,0,-1,74,-28,58,13,-57,-16,11,-1,0,-1,8
536,98,4,10,9,-13,10,68,-1,0,-1,74,-29,58,13,-58,-16,11,-1,0,-1,8
536,98,4,10,9,-13,10,67,-1,0,-1,74,-29,58,13,-58,-16,11,-1,0,-1,8
536,98,4,10,9,-13,10,68,-1,0,-1,74,-29,58,13,-58,-16,11,-1,0,-1,8
536,98,4,10,9,-13,10,68,-1,0,-1,74,-29,58,13,-58,-16,10,-1,0,-1,8
536,98,4,10,9,-13,10,68,-1,0,-1,74,-29,58,13,-57,-16,10,-1,0,-1,8
536,98,4,10,9,-13,11,68,-1,0,-1,74,-29,58,14,-57,-16,11,-1,0,-1,8
536,98,4,10,9,-13,11,68,-1,0,-1,74,-29,58,14,-57,-16,11,-1,0,-1,8
536,98,4,10,9,-14,11,67,-1,0,-1,74,-29,58,14,-57,-16,10,-1,0,-1,8
536,98,4,10,9,-14,11,67,-1,0,-1,74,-29,58,14,-58,-16,10,-1,0,-1,8
536,98,4,10,9,-14,11,67,-1,-1,0,74,-29,58,14,-58,-16,10,-1,0,-1,8
536,98,4,10,9,-13,10,68,-1,-1,0,74,-29,58,14,-58,-16,10,-1,0,-1,8
536,98,4,10,9,-13,10,68,-1,-1,0,74,-29,58,14,-58,-16,10,-1,0,-1,8
536,98,4,10,9,-13,11,68,-1,-1,0,74,-29,58,14,-58,-16,11,-1,0,-1,8
536,98,4,10,9,-12,11,68,-1,-1,0,74,-29,58,14,-58,-16,11,-1,0,0,8
536,98,4,10,9,-12,11,68,-1,-1,0,74,-29,58,14,-58,-16,10,-1,0,0,8
536,98,4,10,9,-12,11,67,-1,0,0,74,-29,58,14,-58,-16,10,-1,0,0,8
536,98,4,10,9,-13,11,67,-1,0,0,74,-29,58,14,-58,-16,10,-1,0,0,8
536,98,4,10,9,-13,11,67,-1,0,0,74,-29,58,14,-57,-16,10,-1,0,0,8
536,98,4,10,9,-13,11,68,-1,0,0,74,-29,58,14,-57,-16,10,-1,0,0,8
536,98,4,10,9,-13,10,68,-1,-1,0,74,-29,58,14,-57,-16,10,-1,0,0,8
536,98,4,10,9,-13,10,68,-1,-1,0,74,-29,58,14,-58,-16,10,-1,0,0,8
536,98,4,10,9,-13,10,68,-1,-1,0,74,-29,58,14,-58,-16,11,-1,0,0,8
536,98,4,10,9,-13,10,68,-1,-1,0,74,-29,58,14,-58,-16,10,-1,0,0,8
536,98,4,10,9,-13,11,67,-1,-1,0,74,-29,58,14,-58,-16,10,-1,0,0,8
536,98,4,10,9,-13,11,67,-1,-1,0,74,-29,58,14,-58,-16,11,-1,-1,0,8
536,98,4,10,9,-13,11,66,-1,-1,0,74,-29,58,14,-58,-16,10,-1,-1,0,8
536,98,4,10,9,-13,11,67,-1,-1,0,74,-29,58,14,-57,-15,10,-1,-1,0,8
537,98,4,9,10,-13,9,68,0,-1,-1,73,-31,57,16,-56,-16,12,-1,-1,-1,8
537,98,4,9,10,-14,9,67,0,-1,-1,73,-31,57,16,-56,-16,12,-1,-1,-1,8
537,98,4,9,10,-13,9,68,0,-1,-1,73,-31,57,16,-56,-16,11,-1,-1,-1,8
537,98,4,9,10,-13,8,68,0,-1,-1,73,-31,57,16,-57,-17,12,0,-1,-1,8
537,98,5,9,10,-12,10,68,0,-1,-1,73,-31,57,16,-58,-16,13,0,-1,-1,8
537,98,5,9,10,-11,11,68,0,-1,-1,73,-31,57,16,-58,-16,12,0,-1,-1,8
537,98,5,9,10,-11,11,69,0,-1,-1,73,-31,57,16,-57,-15,12,0,-1,-1,8
537,98,5,9,10,-11,10,68,0,-1,-1,73,-31,57,16,-57,-17,12,0,0,-1,8
537,98,5,9,9,-11,10,67,0,-1,-1,73,-31,57,16,-56,-17,12,0,0,-1,8
537,98,5,9,9,-12,9,66,0,-1,-1,74,-31,57,16,-56,-17,12,0,0,-1,8
537,98,5,9,9,-11,10,66,0,-1,-1,74,-31,57,16,-55,-16,12,0,0,-1,8
537,98,5,9,9,-12,12,66,0,-1,-1,74,-31,57,16,-56,-15,12,0,0,-1,8
537,98,5,9,9,-12,13,66,0,-1,-1,74,-31,57,16,-57,-15,10,0,0,-1,8
537,98,5,9,9,-11,12,66,-1,-1,-1,73,-31,57,16,-59,-16,11,0,0,-1,8
537,98,5,9,9,-10,11,66,-1,-1,-1,73,-31,57,16,-59,-17,11,0,0,-1,8
537,98,5,9,9,-9,14,67,0,-1,-1,73,-31,57,16,-59,-16,11,0,0,-1,8
537,98,5,9,9,-9,15,69,0,0,-1,73,-31,57,16,-58,-16,12,0,0,-1,8
537,98,5,9,9,-9,15,68,0,0,-1,73,-31,57,16,-58,-17,12,-1,0,-1,8
537,98,5,9,9,-11,15,66,-1,1,-1,73,-31,57,16,-57,-16,11,-1,0,-1,8
537,98,5,9,9,-14,16,65,-1,1,-1,73,-31,57,16,-57,-15,10,-1,0,-1,8
537,98,5,9,9,-15,17,65,-1,1,-1,73,-31,57,16,-56,-16,10,-1,0,-1,8
537,98,5,9,9,-16,15,66,-1,1,-1,73,-31,57,16,-55,-17,10,-1,0,-1,8
537,98,5,9,9,-14,12,67,-1,0,0,73,-31,57,16,-56,-17,10,-1,0,-1,8
537,98,5,10,9,-13,12,69,-1,0,0,73,-31,57,16,-58,-17,11,-1,-1,-1,8
537,98,5,10,9,-11,13,70,-1,0,0,73,-31,57,16,-59,-16,11,-1,-1,-1,8
537,98,5,10,9,-11,14,70,-1,0,0,73,-31,57,16,-58,-16,11,-1,-1,0,8
537,98,5,10,9,-10,15,69,-1,0,0,73,-31,57,16,-58,-16,11,-1,0,0,8
537,98,5,10,9,-10,13,68,-1,1,0,73,-31,57,16,-58,-16,11,-1,0,0,8
537,98,5,10,9,-15,14,65,-1,1,0,73,-31,57,16,-58,-15,11,-1,0,0,8
537,98,5,10,9,-16,15,64,-1,1,0,73,-31,57,16,-56,-15,9,-1,0,0,8
537,98,5,10,9,-17,15,66,-1,1,0,73,-31,57,16,-55,-15,9,-1,0,-1,8
537,98,5,10,9,-15,9,69,-2,0,0,73,-31,57,16,-57,-17,10,-1,0,-1,8
537,98,5,10,9,-12,8,69,-1,-1,0,73,-31,57,16,-60,-17,11,-1,0,0,8
537,98,5,10,9,-12,8,69,-1,-1,0,73,-31,57,16,-61,-18,11,-1,-1,0,8
537,98,5,10,9,-11,11,68,0,0,0,73,-31,57,16,-60,-16,11,-1,-1,0,8
537,98,5,10,9,-11,11,68,0,0,0,73,-31,57,16,-57,-15,11,-1,-1,0,8
537,98,5,10,9,-13,14,68,0,0,0,73,-31,57,16,-55,-15,11,-1,0,0,8
537,98,5,10,9,-14,13,67,-1,0,0,73,-31,57,16,-56,-16,10,-1,0,0,8
537,98,5,10,9,-14,12,67,-1,0,0,73,-31,57,16,-58,-16,10,-1,0,0,8
537,98,5,10,9,-14,10,68,-1,0,0,73,-31,57,17,-60,-16,11,-1,0,-1,8
537,98,4,10,9,-13,10,68,-1,0,-1,73,-31,57,17,-60,-17,10,-1,0,-1,8
537,98,4,10,9,-13,9,68,-1,-1,-1,73,-31,57,17,-60,-17,11,-1,0,-1,8
537,98,4,10,9,-13,10,69,-1,-1,-1,73,-31,57,17,-58,-17,11,-1,-1,-1,8
537,98,4,10,9,-13,11,68,-1,-1,-1,73,-31,57,17,-57,-16,12,-1,-1,-1,8
537,98,4,10,9,-13,11,68,-1,0,-1,73,-31,57,17,-57,-16,11,-1,0,0,8
537,98,4,10,9,-13,12,68,-1,0,-1,73,-31,57,17,-57,-16,11,-1,0,0,8
537,98,4,10,9,-14,12,68,-1,0,-1,73,-31,57,17,-57,-16,11,-1,0,0,8
537,98,4,10,9,-14,12,67,-1,0,-1,73,-31,57,17,-56,-16,11,-1,0,0,8
537,98,4,10,9,-14,12,66,-1,-1,-1,73,-31,57,17,-57,-16,11,-1,0,0,8
537,98,4,10,9,-15,11,66,-1,-1,-1,73,-31,57,17,-58,-17,10,-1,0,0,8
537,98,4,10,9,-15,12,66,-1,-1,0,73,-31,57,17,-58,-17,11,-1,0,0,8
537,98,4,10,9,-14,11,67,-1,-1,0,73,-31,57,17,-58,-16,11,-1,-1,-1,8
537,98,4,10,9,-13,11,68,-1,-1,0,73,-31,57,17,-58,-17,11,-1,-1,0,8
537,98,4,10,9,-12,11,68,-1,-1,0,73,-31,57,17,-58,-16,11,-1,-1,0,8
537,98,4,10,10,-12,11,67,-1,-1,0,73,-31,57,17,-58,-16,11,-1,-1,0,8
537,98,4,10,10,-13,11,67,-1,-1,0,73,-32,57,17,-58,-16,11,-1,-1,0,8
537,98,4,10,10,-13,12,67,-1,-1,0,73,-32,57,17,-57,-16,10,-1,-1,0,8
537,98,4,10,10,-13,11,67,-1,0,0,73,-32,57,17,-57,-16,10,-1,-1,0,8
537,98,4,10,10,-14,11,66,-1,0,0,73,-32,57,17,-57,-17,10,-1,-1,0,8
537,98,4,10,10,-14,9,67,-1,-1,-1,73,-32,57,17,-57,-17,10,-1,-1,0,8
537,98,4,10,10,-13,10,67,-1,-1,0,73,-32,57,17,-56,-17,11,-1,-1,-1,8
537,98,4,10,10,-13,10,67,-1,-1,0,73,-32,57,17,-56,-16,11,-1,-1,0,8
537,98,4,10,10,-13,10,67,-1,-1,0,73,-32,56,17,-56,-16,11,-1,0,0,8
537,98,4,10,10,-13,10,67,-1,0,0,73,-32,56,17,-57,-16,11,-1,0,0,8
537,98,4,10,10,-13,11,67,0,0,0,73,-32,56,17,-57,-16,11,-1,0,0,8
537,98,4,10,10,-14,12,67,-1,0,0,73,-32,56,17,-57,-16,11,-1,0,0,8
537,98,4,10,10,-13,11,67,-1,0,0,73,-32,56,17,-58,-17,11,-1,0,0,8
537,98,4,10,10,-13,11,67,-1,0,0,73,-32,56,17,-58,-17,11,-1,0,0,8
537,98,4,10,10,-13,10,67,-1,0,0,73,-32,56,17,-58,-16,11,-1,0,0,8
537,98,4,10,10,-13,10,67,-1,0,0,73,-32,56,17,-58,-16,11,-1,-1,0,8
537,98,4,10,10,-13,10,67,-1,0,0,73,-32,56,17,-57,-16,11,-1,-1,0,8
537,98,4,10,10,-13,10,67,-1,0,0,73,-32,56,17,-57,-16,11,-1,0,0,8
537,98,4,10,10,-13,10,67,-1,0,-1,73,-32,56,17,-57,-16,11,-1,0,0,8
537,98,4,10,10,-13,10,67,-1,0,-1,73,-32,56,17,-57,-16,11,-1,0,0,8
537,98,4,10,10,-13,11,67,-1,0,-1,73,-32,56,17,-57,-16,11,-1,0,0,8
537,98,4,10,10,-13,11,67,-1,0,-1,73,-32,56,17,-57,-16,11,-1,0,0,8
537,98,4,10,10,-13,11,67,-1,0,-1,73,-32,56,17,-58,-16,11,-1,0,0,8
537,98,4,10,10,-13,10,67,-1,0,-1,73,-32,56,17,-58,-16,11,-1,0,0,8
537,98,4,10,10,-13,10,67,-1,0,-1,73,-32,56,17,-58,-16,11,-1,0,-1,8
537,98,4,10,10,-13,10,67,-1,0,-1,73,-32,56,17,-58,-16,11,-1,0,-1,8
537,98,4,10,10,-13,11,67,-1,0,-1,73,-32,56,17,-58,-16,11,-1,0,-1,8
537,98,4,10,10,-13,11,68,-1,0,-1,73,-32,56,17,-57,-16,11,-1,-1,0,8
537,98,4,10,10,-13,10,67,-1,0,-1,73,-32,56,18,-57,-16,11,-1,-1,0,8
537,98,4,10,10,-13,10,67,-1,0,-1,73,-32,56,18,-57,-16,11,-1,0,0,8
537,98,4,10,10,-13,10,67,-1,0,-1,73,-32,56,18,-57,-16,11,-1,0,0,8
537,98,4,10,10,-13,11,67,-1,0,-1,73,-32,56,18,-57,-16,11,-1,0,0,8
537,98,4,10,10,-13,10,67,-1,0,-1,73,-32,56,18,-57,-16,11,-1,0,-1,8
537,98,4,10,10,-13,10,67,-1,0,-1,73,-32,56,18,-57,-16,11,-1,0,-1,8
537,98,4,10,10,-13,10,67,-1,0,-1,73,-32,56,18,-58,-16,11,-1,0,-1,8
537,98,4,10,10,-13,10,67,-1,0,-1,73,-32,56,18,-57,-16,11,-1,0,-1,8
537,98,4,10,10,-13,11,67,-1,0,-1,73,-32,56,18,-57,-16,11,-1,0,-1,8
537,98,4,10,10,-13,10,67,-1,0,-1,73,-32,56,18,-57,-16,11,-1,0,-1,8
537,98,4,10,10,-13,11,66,-1,0,-1,73,-32,56,18,-57,-16,11,-1,0,-1,8
537,98,4,10,10,-13,11,67,-1,0,-1,73,-32,56,18,-57,-16,11,-1,0,-1,8
537,98,4,10,10,-13,11,67,-1,0,-1,73,-32,56,18,-57,-16,11,-1,0,-1,8
537,98,4,10,10,-13,11,66,-1,0,-1,73,-32,56,18,-57,-16,11,-1,0,-1,8
537,98,4,10,10,-13,11,67,-1,0,-1,73,-32,56,18,-57,-16,11,-1,0,-1,8
537,98,4,10,10,-13,10,67,-1,0,-1,73,-32,56,18,-57,-16,11,-1,0,-1,8
537,98,4,10,10,-13,11,68,-1,0,-1,73,-32,56,18,-57,-16,11,-1,0,-1,8
537,98,4,10,10,-13,11,67,-1,0,-1,73,-32,56,18,-57,-16,11,-1,0,-1,8
537,98,4,10,10,-13,11,67,-1,0,-1,73,-32,56,18,-57,-16,11,-1,0,-1,8
537,98,4,10,10,-13,11,68,-1,0,-1,73,-32,56,18,-57,-16,11,-1,0,-1,8
537,98,4,10,10,-14,11,67,-1,0,-1,73,-32,56,18,-57,-16,11,-1,0,-1,8
537,98,4,10,10,-14,11,67,-1,0,-1,73,-32,56,18,-57,-16,11,-1,0,-1,8
537,98,4,10,10,-14,11,67,-1,0,-1,73,-32,56,18,-57,-16,11,-1,0,-1,8
537,98,4,10,10,-14,10,67,-1,0,0,73,-32,56,18,-57,-17,10,-1,0,-1,8
537,98,4,10,10,-13,11,67,-1,0,0,73,-32,56,18,-57,-17,11,-1,0,-1,8
537,98,4,10,10,-14,11,67,-1,0,0,73,-32,56,18,-58,-16,11,-1,0,-1,8
537,98,4,10,10,-14,11,67,-1,0,0,73,-32,56,18,-58,-16,11,-1,0,-1,8
537,98,4,10,10,-14,11,67,-1,0,0,73,-32,56,18,-58,-16,11,-1,0,-1,8
537,98,4,10,10,-13,10,67,-1,0,0,73,-32,56,18,-58,-17,11,-1,0,-1,8
537,98,4,10,10,-14,10,67,-1,0,0,73,-32,56,18,-57,-17,11,-1,0,-1,8
537,98,4,10,10,-14,10,67,-1,0,-1,73,-32,56,18,-57,-16,11,-1,0,-1,8
537,98,4,10,10,-14,11,68,-1,0,0,73,-32,56,18,-57,-16,11,-1,0,-1,8
537,98,4,10,10,-14,11,68,-1,0,-1,73,-32,56,18,-57,-16,11,-1,0,-1,8
537,98,4,10,10,-14,10,67,-1,0,0,73,-32,56,18,-58,-17,11,-1,0,0,8
537,98,4,10,10,-14,10,67,-1,0,0,73,-32,56,18,-58,-17,11,-1,0,-1,8
537,98,4,10,10,-13,11,67,-1,0,0,73,-32,56,18,-57,-16,11,-1,0,-1,8
537,98,4,10,10,-14,11,67,-1,0,0,73,-33,56,18,-57,-16,11,-1,0,-1,8
537,98,4,10,10,-14,11,68,-1,0,0,73,-33,56,18,-57,-16,11,-1,0,-1,8
537,98,4,10,10,-14,11,68,-1,0,0,73,-33,56,18,-58,-16,11,-1,0,0,8
537,98,4,10,10,-14,10,67,-1,0,0,73,-33,56,18,-58,-17,11,-1,0,0,8
537,98,4,10,10,-14,10,67,-1,0,0,73,-33,56,18,-58,-17,11,-1,0,0,8
537,98,4,10,10,-14,11,67,-1,0,0,73,-33,56,18,-57,-16,11,-1,0,0,8
537,98,4,10,10,-14,11,67,-1,0,0,73,-33,56,18,-57,-17,11,-1,0,0,8
537,98,4,10,10,-14,11,67,-1,0,0,73,-33,56,18,-58,-17,11,-1,0,0,8
537,98,4,10,10,-14,11,67,-1,0,0,73,-33,56,18,-57,-16,11,-1,0,0,8
537,98,4,10,10,-14,11,67,-1,0,0,73,-33,56,18,-57,-16,11,-1,0,0,8
537,98,4,10,10,-14,10,67,-1,0,0,73,-33,56,18,-57,-16,11,-1,0,0,8
537,98,4,10,10,-14,11,67,-1,0,0,73,-33,56,18,-58,-17,11,-1,0,0,8
537,98,4,10,10,-14,11,67,-1,0,0,73,-33,56,18,-57,-16,11,-1,-1,0,8
537,98,4,10,10,-14,11,67,-1,0,0,73,-33,56,18,-57,-16,11,-1,-1,0,8
537,98,4,10,10,-14,10,67,-1,0,0,73,-33,56,18,-57,-16,11,-1,-1,0,8
537,98,4,10,10,-14,10,67,-1,0,0,73,-33,56,18,-57,-16,11,-1,-1,0,8
537,98,4,10,10,-14,10,67,-1,0,0,73,-33,56,18,-57,-16,11,-1,-1,0,8
537,98,4,10,10,-14,10,67,-1,0,0,73,-33,56,18,-56,-17,11,-1,-1,0,8
537,98,4,10,10,-14,10,67,-1,0,0,73,-33,56,19,-56,-16,11,-1,0,-1,8
537,98,4,10,10,-14,10,67,-1,0,0,73,-33,56,19,-56,-16,11,-1,0,0,8
537,98,4,10,10,-14,10,67,-1,0,0,73,-33,56,19,-57,-16,11,-1,0,0,8
537,98,4,10,10,-14,10,67,-1,0,0,73,-33,56,19,-58,-16,11,-1,0,0,8
537,98,4,10,10,-14,10,67,-1,0,-1,73,-33,56,19,-58,-16,11,-1,0,0,8
537,98,4,10,10,-14,10,67,-1,0,-1,73,-33,56,19,-58,-16,11,-1,0,-1,8
537,98,4,10,10,-14,10,67,-1,0,-1,73,-33,56,19,-58,-17,11,-1,0,-1,8
537,98,4,10,10,-14,10,67,-1,0,-1,73,-33,56,19,-58,-16,11,-1,0,-1,8
537,98,4,11,10,-13,11,67,-1,0,-1,73,-33,56,19,-58,-16,10,-1,0,-1,8
537,98,4,11,10,-13,11,67,-1,0,-1,73,-33,56,19,-58,-16,11,-1,0,-1,8
537,98,4,11,10,-14,11,67,-1,0,-1,73,-33,56,19,-57,-16,11,-1,0,-1,8
537,98,4,11,10,-14,10,67,-1,0,-1,73,-33,56,19,-57,-17,11,-1,0,-1,8
537,98,4,11,10,-14,10,67,-1,0,-1,73,-33,56,19,-57,-17,11,-1,0,-1,8
537,98,4,11,10,-14,11,67,-1,0,-1,73,-33,56,19,-57,-17,10,-1,0,-1,8
